data_id,material_grade,material_batch,standard_id,param_value,param_id,report_id,material_block_size,data_source,test_time,test_infiltration_duration,test_org,note,material_manufacturer,material_block_num,material_produce_date,sample_direction,sample_num_avg,sample_num,molten_salt_composition_id,molten_salt_batch,inflitration_experiment_no,test_preset_pres,test_inflitration_pres,test_inflitration_temp,molten_salt_content,test_notch_depth,test_support_span,molten_salt_distribution,db_type,sample_org,sample_index,sample_position_id,maintainer_id,test_temp,test_temp_span,sample_size,upload_time
344,NG-CT-10,H1,23,23.48,28,1,410×410×600,SINAP,2015.02.08,,Fangda Carbon,,成都炭素,3H009,2014.1,WG,1,1,,,,,,,,,,,1,,101,7,4,25,,,
345,NG-CT-10,H1,23,24.9,28,1,410×410×600,SINAP,2015.02.08,,Fangda Carbon,,成都炭素,3H009,2014.1,WG,1,1,,,,,,,,,,,1,,102,7,4,25,,,
346,NG-CT-10,H1,23,25.17,28,1,410×410×600,SINAP,2015.02.08,,Fangda Carbon,,成都炭素,3H009,2014.1,WG,1,1,,,,,,,,,,,1,,103,7,4,25,,,
347,NG-CT-10,H1,23,23.33,28,1,410×410×600,SINAP,2015.02.08,,Fangda Carbon,,成都炭素,3H009,2014.1,WG,1,1,,,,,,,,,,,1,,104,7,4,25,,,
348,NG-CT-10,H1,23,23.48,28,1,410×410×600,SINAP,2015.02.08,,Fangda Carbon,,成都炭素,3H009,2014.1,WG,1,1,,,,,,,,,,,1,,105,7,4,25,,,
349,NG-CT-10,H1,23,19.62,28,1,410×410×600,SINAP,2015.02.08,,Fangda Carbon,,成都炭素,3H009,2014.1,WG,1,1,,,,,,,,,,,1,,106,7,4,25,,,
350,NG-CT-10,H1,23,25.69,28,1,410×410×600,SINAP,2015.02.08,,Fangda Carbon,,成都炭素,3H009,2014.1,WG,1,1,,,,,,,,,,,1,,107,7,4,25,,,
351,NG-CT-10,H1,23,24,28,1,410×410×600,SINAP,2015.02.08,,Fangda Carbon,,成都炭素,3H009,2014.1,WG,1,1,,,,,,,,,,,1,,201,7,4,25,,,
352,NG-CT-10,H1,23,26.34,28,1,410×410×600,SINAP,2015.02.08,,Fangda Carbon,,成都炭素,3H009,2014.1,WG,1,1,,,,,,,,,,,1,,202,7,4,25,,,
353,NG-CT-10,H1,23,26.48,28,1,410×410×600,SINAP,2015.02.08,,Fangda Carbon,,成都炭素,3H009,2014.1,WG,1,1,,,,,,,,,,,1,,203,7,4,25,,,
354,NG-CT-10,H1,23,25.93,28,1,410×410×600,SINAP,2015.02.08,,Fangda Carbon,,成都炭素,3H009,2014.1,WG,1,1,,,,,,,,,,,1,,204,7,4,25,,,
355,NG-CT-10,H1,23,27.32,28,1,410×410×600,SINAP,2015.02.08,,Fangda Carbon,,成都炭素,3H009,2014.1,WG,1,1,,,,,,,,,,,1,,205,7,4,25,,,
356,NG-CT-10,H1,23,25.6,28,1,410×410×600,SINAP,2015.02.08,,Fangda Carbon,,成都炭素,3H009,2014.1,WG,1,1,,,,,,,,,,,1,,206,7,4,25,,,
357,NG-CT-10,H1,23,25.82,28,1,410×410×600,SINAP,2015.02.08,,Fangda Carbon,,成都炭素,3H009,2014.1,WG,1,1,,,,,,,,,,,1,,207,7,4,25,,,
358,NG-CT-10,H1,23,24.37,28,1,410×410×600,SINAP,2015.02.08,,Fangda Carbon,,成都炭素,3H009,2014.1,WG,1,1,,,,,,,,,,,1,,301,7,4,25,,,
359,NG-CT-10,H1,23,27.21,28,1,410×410×600,SINAP,2015.02.08,,Fangda Carbon,,成都炭素,3H009,2014.1,WG,1,1,,,,,,,,,,,1,,302,7,4,25,,,
360,NG-CT-10,H1,23,26.2,28,1,410×410×600,SINAP,2015.02.08,,Fangda Carbon,,成都炭素,3H009,2014.1,WG,1,1,,,,,,,,,,,1,,303,7,4,25,,,
361,NG-CT-10,H1,23,24.92,28,1,410×410×600,SINAP,2015.02.08,,Fangda Carbon,,成都炭素,3H009,2014.1,WG,1,1,,,,,,,,,,,1,,304,7,4,25,,,
362,NG-CT-10,H1,23,25.64,28,1,410×410×600,SINAP,2015.02.08,,Fangda Carbon,,成都炭素,3H009,2014.1,WG,1,1,,,,,,,,,,,1,,305,7,4,25,,,
363,NG-CT-10,H1,23,25.16,28,1,410×410×600,SINAP,2015.02.08,,Fangda Carbon,,成都炭素,3H009,2014.1,WG,1,1,,,,,,,,,,,1,,306,7,4,25,,,
364,NG-CT-10,H1,23,22.38,28,1,410×410×600,SINAP,2015.02.08,,Fangda Carbon,,成都炭素,3H009,2014.1,WG,1,1,,,,,,,,,,,1,,307,7,4,25,,,
365,NG-CT-10,H1,23,24.42,28,1,410×410×600,SINAP,2015.02.08,,Fangda Carbon,,成都炭素,3H009,2014.1,WG,1,1,,,,,,,,,,,1,,401,7,4,25,,,
366,NG-CT-10,H1,23,26.16,28,1,410×410×600,SINAP,2015.02.08,,Fangda Carbon,,成都炭素,3H009,2014.1,WG,1,1,,,,,,,,,,,1,,402,7,4,25,,,
367,NG-CT-10,H1,23,25.14,28,1,410×410×600,SINAP,2015.02.08,,Fangda Carbon,,成都炭素,3H009,2014.1,WG,1,1,,,,,,,,,,,1,,403,7,4,25,,,
368,NG-CT-10,H1,23,23.74,28,1,410×410×600,SINAP,2015.02.08,,Fangda Carbon,,成都炭素,3H009,2014.1,WG,1,1,,,,,,,,,,,1,,404,7,4,25,,,
369,NG-CT-10,H1,23,25.62,28,1,410×410×600,SINAP,2015.02.08,,Fangda Carbon,,成都炭素,3H009,2014.1,WG,1,1,,,,,,,,,,,1,,405,7,4,25,,,
370,NG-CT-10,H1,23,26.8,28,1,410×410×600,SINAP,2015.02.08,,Fangda Carbon,,成都炭素,3H009,2014.1,WG,1,1,,,,,,,,,,,1,,406,7,4,25,,,
371,NG-CT-10,H1,23,27.07,28,1,410×410×600,SINAP,2015.02.08,,Fangda Carbon,,成都炭素,3H009,2014.1,WG,1,1,,,,,,,,,,,1,,407,7,4,25,,,
372,NG-CT-10,H1,23,23.75,28,1,410×410×600,SINAP,2015.02.08,,Fangda Carbon,,成都炭素,3H009,2014.1,WG,1,1,,,,,,,,,,,1,,501,7,4,25,,,
373,NG-CT-10,H1,23,24.81,28,1,410×410×600,SINAP,2015.02.08,,Fangda Carbon,,成都炭素,3H009,2014.1,WG,1,1,,,,,,,,,,,1,,502,7,4,25,,,
374,NG-CT-10,H1,23,25.12,28,1,410×410×600,SINAP,2015.02.08,,Fangda Carbon,,成都炭素,3H009,2014.1,WG,1,1,,,,,,,,,,,1,,503,7,4,25,,,
375,NG-CT-10,H1,23,25.58,28,1,410×410×600,SINAP,2015.02.08,,Fangda Carbon,,成都炭素,3H009,2014.1,WG,1,1,,,,,,,,,,,1,,504,7,4,25,,,
376,NG-CT-10,H1,23,24.95,28,1,410×410×600,SINAP,2015.02.08,,Fangda Carbon,,成都炭素,3H009,2014.1,WG,1,1,,,,,,,,,,,1,,505,7,4,25,,,
377,NG-CT-10,H1,23,25.76,28,1,410×410×600,SINAP,2015.02.08,,Fangda Carbon,,成都炭素,3H009,2014.1,WG,1,1,,,,,,,,,,,1,,506,7,4,25,,,
378,NG-CT-10,H1,23,25.64,28,1,410×410×600,SINAP,2015.02.08,,Fangda Carbon,,成都炭素,3H009,2014.1,WG,1,1,,,,,,,,,,,1,,507,7,4,25,,,
379,NG-CT-10,H1,23,25.55,28,1,410×410×600,SINAP,2015.02.08,,Fangda Carbon,,成都炭素,3H009,2014.1,WG,1,1,,,,,,,,,,,1,,601,7,4,25,,,
380,NG-CT-10,H1,23,26.38,28,1,410×410×600,SINAP,2015.02.08,,Fangda Carbon,,成都炭素,3H009,2014.1,WG,1,1,,,,,,,,,,,1,,602,7,4,25,,,
381,NG-CT-10,H1,23,22.54,28,1,410×410×600,SINAP,2015.02.08,,Fangda Carbon,,成都炭素,3H009,2014.1,WG,1,1,,,,,,,,,,,1,,603,7,4,25,,,
382,NG-CT-10,H1,23,24.77,28,1,410×410×600,SINAP,2015.02.08,,Fangda Carbon,,成都炭素,3H009,2014.1,WG,1,1,,,,,,,,,,,1,,604,7,4,25,,,
383,NG-CT-10,H1,23,21.54,28,1,410×410×600,SINAP,2015.02.08,,Fangda Carbon,,成都炭素,3H009,2014.1,WG,1,1,,,,,,,,,,,1,,605,7,4,25,,,
384,NG-CT-10,H1,23,25.28,28,1,410×410×600,SINAP,2015.02.08,,Fangda Carbon,,成都炭素,3H009,2014.1,WG,1,1,,,,,,,,,,,1,,606,7,4,25,,,
385,NG-CT-10,H1,23,26.05,28,1,410×410×600,SINAP,2015.02.08,,Fangda Carbon,,成都炭素,3H009,2014.1,WG,1,1,,,,,,,,,,,1,,607,7,4,25,,,
386,NG-CT-10,H1,23,23.45,28,1,410×410×600,SINAP,2015.02.08,,Fangda Carbon,,成都炭素,3H009,2014.1,WG,1,1,,,,,,,,,,,1,,701,7,4,25,,,
387,NG-CT-10,H1,23,24.74,28,1,410×410×600,SINAP,2015.02.08,,Fangda Carbon,,成都炭素,3H009,2014.1,WG,1,1,,,,,,,,,,,1,,702,7,4,25,,,
388,NG-CT-10,H1,23,26.74,28,1,410×410×600,SINAP,2015.02.08,,Fangda Carbon,,成都炭素,3H009,2014.1,WG,1,1,,,,,,,,,,,1,,703,7,4,25,,,
389,NG-CT-10,H1,23,22.7,28,1,410×410×600,SINAP,2015.02.08,,Fangda Carbon,,成都炭素,3H009,2014.1,WG,1,1,,,,,,,,,,,1,,704,7,4,25,,,
390,NG-CT-10,H1,23,24.39,28,1,410×410×600,SINAP,2015.02.08,,Fangda Carbon,,成都炭素,3H009,2014.1,WG,1,1,,,,,,,,,,,1,,705,7,4,25,,,
391,NG-CT-10,H1,23,27.2,28,1,410×410×600,SINAP,2015.02.08,,Fangda Carbon,,成都炭素,3H009,2014.1,WG,1,1,,,,,,,,,,,1,,706,7,4,25,,,
392,NG-CT-10,H1,23,26.63,28,1,410×410×600,SINAP,2015.02.08,,Fangda Carbon,,成都炭素,3H009,2014.1,WG,1,1,,,,,,,,,,,1,,707,7,4,25,,,
393,NG-CT-10,H1,23,25.29,28,1,410×410×600,SINAP,2015.02.08,,Fangda Carbon,,成都炭素,3H009,2014.1,AG,1,1,,,,,,,,,,,1,,101,8,4,25,,,
394,NG-CT-10,H1,23,24.82,28,1,410×410×600,SINAP,2015.02.08,,Fangda Carbon,,成都炭素,3H009,2014.1,AG,1,1,,,,,,,,,,,1,,102,8,4,25,,,
395,NG-CT-10,H1,23,24.83,28,1,410×410×600,SINAP,2015.02.08,,Fangda Carbon,,成都炭素,3H009,2014.1,AG,1,1,,,,,,,,,,,1,,103,8,4,25,,,
396,NG-CT-10,H1,23,24.42,28,1,410×410×600,SINAP,2015.02.08,,Fangda Carbon,,成都炭素,3H009,2014.1,AG,1,1,,,,,,,,,,,1,,104,8,4,25,,,
397,NG-CT-10,H1,23,24.5,28,1,410×410×600,SINAP,2015.02.08,,Fangda Carbon,,成都炭素,3H009,2014.1,AG,1,1,,,,,,,,,,,1,,105,8,4,25,,,
398,NG-CT-10,H1,23,22.11,28,1,410×410×600,SINAP,2015.02.08,,Fangda Carbon,,成都炭素,3H009,2014.1,AG,1,1,,,,,,,,,,,1,,106,8,4,25,,,
399,NG-CT-10,H1,23,25.95,28,1,410×410×600,SINAP,2015.02.08,,Fangda Carbon,,成都炭素,3H009,2014.1,AG,1,1,,,,,,,,,,,1,,107,8,4,25,,,
400,NG-CT-10,H1,23,20.62,28,1,410×410×600,SINAP,2015.02.08,,Fangda Carbon,,成都炭素,3H009,2014.1,AG,1,1,,,,,,,,,,,1,,108,8,4,25,,,
401,NG-CT-10,H1,23,23.7,28,1,410×410×600,SINAP,2015.02.08,,Fangda Carbon,,成都炭素,3H009,2014.1,AG,1,1,,,,,,,,,,,1,,109,8,4,25,,,
402,NG-CT-10,H1,23,21.95,28,1,410×410×600,SINAP,2015.02.08,,Fangda Carbon,,成都炭素,3H009,2014.1,AG,1,1,,,,,,,,,,,1,,110,8,4,25,,,
403,NG-CT-10,H1,23,25.03,28,1,410×410×600,SINAP,2015.02.08,,Fangda Carbon,,成都炭素,3H009,2014.1,AG,1,1,,,,,,,,,,,1,,111,8,4,25,,,
404,NG-CT-10,H1,23,19.79,28,1,410×410×600,SINAP,2015.02.08,,Fangda Carbon,,成都炭素,3H009,2014.1,AG,1,1,,,,,,,,,,,1,,112,8,4,25,,,
405,NG-CT-10,H1,23,23.74,28,1,410×410×600,SINAP,2015.02.08,,Fangda Carbon,,成都炭素,3H009,2014.1,AG,1,1,,,,,,,,,,,1,,113,8,4,25,,,
406,NG-CT-10,H1,23,25.01,28,1,410×410×600,SINAP,2015.02.08,,Fangda Carbon,,成都炭素,3H009,2014.1,AG,1,1,,,,,,,,,,,1,,114,8,4,25,,,
407,NG-CT-10,H1,23,23.66,28,1,410×410×600,SINAP,2015.02.08,,Fangda Carbon,,成都炭素,3H009,2014.1,AG,1,1,,,,,,,,,,,1,,115,8,4,25,,,
408,NG-CT-10,H1,23,25.22,28,1,410×410×600,SINAP,2015.02.08,,Fangda Carbon,,成都炭素,3H009,2014.1,AG,1,1,,,,,,,,,,,1,,116,8,4,25,,,
409,NG-CT-10,H1,23,24.92,28,1,410×410×600,SINAP,2015.02.08,,Fangda Carbon,,成都炭素,3H009,2014.1,AG,1,1,,,,,,,,,,,1,,117,8,4,25,,,
410,NG-CT-10,H1,23,23.16,28,1,410×410×600,SINAP,2015.02.08,,Fangda Carbon,,成都炭素,3H009,2014.1,AG,1,1,,,,,,,,,,,1,,118,8,4,25,,,
411,NG-CT-10,H1,23,23.88,28,1,410×410×600,SINAP,2015.02.08,,Fangda Carbon,,成都炭素,3H009,2014.1,AG,1,1,,,,,,,,,,,1,,201,8,4,25,,,
412,NG-CT-10,H1,23,25.49,28,1,410×410×600,SINAP,2015.02.08,,Fangda Carbon,,成都炭素,3H009,2014.1,AG,1,1,,,,,,,,,,,1,,202,8,4,25,,,
413,NG-CT-10,H1,23,26.32,28,1,410×410×600,SINAP,2015.02.08,,Fangda Carbon,,成都炭素,3H009,2014.1,AG,1,1,,,,,,,,,,,1,,203,8,4,25,,,
414,NG-CT-10,H1,23,24.68,28,1,410×410×600,SINAP,2015.02.08,,Fangda Carbon,,成都炭素,3H009,2014.1,AG,1,1,,,,,,,,,,,1,,204,8,4,25,,,
415,NG-CT-10,H1,23,25.9,28,1,410×410×600,SINAP,2015.02.08,,Fangda Carbon,,成都炭素,3H009,2014.1,AG,1,1,,,,,,,,,,,1,,205,8,4,25,,,
416,NG-CT-10,H1,23,24.33,28,1,410×410×600,SINAP,2015.02.08,,Fangda Carbon,,成都炭素,3H009,2014.1,AG,1,1,,,,,,,,,,,1,,206,8,4,25,,,
417,NG-CT-10,H1,23,24.76,28,1,410×410×600,SINAP,2015.02.08,,Fangda Carbon,,成都炭素,3H009,2014.1,AG,1,1,,,,,,,,,,,1,,207,8,4,25,,,
418,NG-CT-10,H1,23,24.25,28,1,410×410×600,SINAP,2015.02.08,,Fangda Carbon,,成都炭素,3H009,2014.1,AG,1,1,,,,,,,,,,,1,,208,8,4,25,,,
419,NG-CT-10,H1,23,24.56,28,1,410×410×600,SINAP,2015.02.08,,Fangda Carbon,,成都炭素,3H009,2014.1,AG,1,1,,,,,,,,,,,1,,209,8,4,25,,,
420,NG-CT-10,H1,23,24.35,28,1,410×410×600,SINAP,2015.02.08,,Fangda Carbon,,成都炭素,3H009,2014.1,AG,1,1,,,,,,,,,,,1,,210,8,4,25,,,
421,NG-CT-10,H1,23,26.35,28,1,410×410×600,SINAP,2015.02.08,,Fangda Carbon,,成都炭素,3H009,2014.1,AG,1,1,,,,,,,,,,,1,,211,8,4,25,,,
422,NG-CT-10,H1,23,23.46,28,1,410×410×600,SINAP,2015.02.08,,Fangda Carbon,,成都炭素,3H009,2014.1,AG,1,1,,,,,,,,,,,1,,212,8,4,25,,,
423,NG-CT-10,H1,23,22.93,28,1,410×410×600,SINAP,2015.02.08,,Fangda Carbon,,成都炭素,3H009,2014.1,AG,1,1,,,,,,,,,,,1,,213,8,4,25,,,
424,NG-CT-10,H1,23,24.19,28,1,410×410×600,SINAP,2015.02.08,,Fangda Carbon,,成都炭素,3H009,2014.1,AG,1,1,,,,,,,,,,,1,,214,8,4,25,,,
425,NG-CT-10,H1,23,24.63,28,1,410×410×600,SINAP,2015.02.08,,Fangda Carbon,,成都炭素,3H009,2014.1,AG,1,1,,,,,,,,,,,1,,215,8,4,25,,,
426,NG-CT-10,H1,23,25.6,28,1,410×410×600,SINAP,2015.02.08,,Fangda Carbon,,成都炭素,3H009,2014.1,AG,1,1,,,,,,,,,,,1,,216,8,4,25,,,
427,NG-CT-10,H1,23,25.83,28,1,410×410×600,SINAP,2015.02.08,,Fangda Carbon,,成都炭素,3H009,2014.1,AG,1,1,,,,,,,,,,,1,,217,8,4,25,,,
428,NG-CT-10,H1,23,24.96,28,1,410×410×600,SINAP,2015.02.08,,Fangda Carbon,,成都炭素,3H009,2014.1,AG,1,1,,,,,,,,,,,1,,218,8,4,25,,,
429,NG-CT-10,H1,23,21.35,28,1,410×410×600,SINAP,2015.02.08,,Fangda Carbon,,成都炭素,3H009,2014.1,AG,1,1,,,,,,,,,,,1,,301,8,4,25,,,
430,NG-CT-10,H1,23,25.32,28,1,410×410×600,SINAP,2015.02.08,,Fangda Carbon,,成都炭素,3H009,2014.1,AG,1,1,,,,,,,,,,,1,,302,8,4,25,,,
431,NG-CT-10,H1,23,20.03,28,1,410×410×600,SINAP,2015.02.08,,Fangda Carbon,,成都炭素,3H009,2014.1,AG,1,1,,,,,,,,,,,1,,303,8,4,25,,,
432,NG-CT-10,H1,23,22.94,28,1,410×410×600,SINAP,2015.02.08,,Fangda Carbon,,成都炭素,3H009,2014.1,AG,1,1,,,,,,,,,,,1,,304,8,4,25,,,
433,NG-CT-10,H1,23,24.35,28,1,410×410×600,SINAP,2015.02.08,,Fangda Carbon,,成都炭素,3H009,2014.1,AG,1,1,,,,,,,,,,,1,,305,8,4,25,,,
434,NG-CT-10,H1,23,26.28,28,1,410×410×600,SINAP,2015.02.08,,Fangda Carbon,,成都炭素,3H009,2014.1,AG,1,1,,,,,,,,,,,1,,306,8,4,25,,,
435,NG-CT-10,H1,23,22.3,28,1,410×410×600,SINAP,2015.02.08,,Fangda Carbon,,成都炭素,3H009,2014.1,AG,1,1,,,,,,,,,,,1,,307,8,4,25,,,
436,NG-CT-10,H1,23,22.48,28,1,410×410×600,SINAP,2015.02.08,,Fangda Carbon,,成都炭素,3H009,2014.1,AG,1,1,,,,,,,,,,,1,,308,8,4,25,,,
437,NG-CT-10,H1,23,23.47,28,1,410×410×600,SINAP,2015.02.08,,Fangda Carbon,,成都炭素,3H009,2014.1,AG,1,1,,,,,,,,,,,1,,309,8,4,25,,,
438,NG-CT-10,H1,23,25.29,28,1,410×410×600,SINAP,2015.02.08,,Fangda Carbon,,成都炭素,3H009,2014.1,AG,1,1,,,,,,,,,,,1,,310,8,4,25,,,
439,NG-CT-10,H1,23,22.5,28,1,410×410×600,SINAP,2015.02.08,,Fangda Carbon,,成都炭素,3H009,2014.1,AG,1,1,,,,,,,,,,,1,,311,8,4,25,,,
440,NG-CT-10,H1,23,23.59,28,1,410×410×600,SINAP,2015.02.08,,Fangda Carbon,,成都炭素,3H009,2014.1,AG,1,1,,,,,,,,,,,1,,312,8,4,25,,,
441,NG-CT-10,H1,23,25.86,28,1,410×410×600,SINAP,2015.02.08,,Fangda Carbon,,成都炭素,3H009,2014.1,AG,1,1,,,,,,,,,,,1,,313,8,4,25,,,
442,NG-CT-10,H1,23,24.73,28,1,410×410×600,SINAP,2015.02.08,,Fangda Carbon,,成都炭素,3H009,2014.1,AG,1,1,,,,,,,,,,,1,,314,8,4,25,,,
443,NG-CT-10,H1,23,24.77,28,1,410×410×600,SINAP,2015.02.08,,Fangda Carbon,,成都炭素,3H009,2014.1,AG,1,1,,,,,,,,,,,1,,315,8,4,25,,,
444,NG-CT-10,H1,23,25.25,28,1,410×410×600,SINAP,2015.02.08,,Fangda Carbon,,成都炭素,3H009,2014.1,AG,1,1,,,,,,,,,,,1,,316,8,4,25,,,
445,NG-CT-10,H1,23,26.46,28,1,410×410×600,SINAP,2015.02.08,,Fangda Carbon,,成都炭素,3H009,2014.1,AG,1,1,,,,,,,,,,,1,,317,8,4,25,,,
446,NG-CT-10,H1,23,25.61,28,1,410×410×600,SINAP,2015.02.08,,Fangda Carbon,,成都炭素,3H009,2014.1,AG,1,1,,,,,,,,,,,1,,318,8,4,25,,,
447,NG-CT-10,H1,17,83.45,30,1,410×410×600,SINAP,2014.01.17,,Fangda Carbon,,成都炭素,3H009,2014.1,WG,1,1,,,,,,,,,,,1,,1,7,4,25,,,
448,NG-CT-10,H1,17,88.31,30,1,410×410×600,SINAP,2014.01.17,,Fangda Carbon,,成都炭素,3H009,2014.1,WG,1,1,,,,,,,,,,,1,,2,7,4,25,,,
449,NG-CT-10,H1,17,85.14,30,1,410×410×600,SINAP,2014.01.17,,Fangda Carbon,,成都炭素,3H009,2014.1,WG,1,1,,,,,,,,,,,1,,3,7,4,25,,,
450,NG-CT-10,H1,17,80.73,30,1,410×410×600,SINAP,2014.01.17,,Fangda Carbon,,成都炭素,3H009,2014.1,WG,1,1,,,,,,,,,,,1,,12,8,4,25,,,
451,NG-CT-10,H1,17,83.46,30,1,410×410×600,SINAP,2014.01.17,,Fangda Carbon,,成都炭素,3H009,2014.1,WG,1,1,,,,,,,,,,,1,,13,8,4,25,,,
452,NG-CT-10,H1,17,84.25,30,1,410×410×600,SINAP,2014.01.17,,Fangda Carbon,,成都炭素,3H009,2014.1,WG,1,1,,,,,,,,,,,1,,14,8,4,25,,,
453,NG-CT-10,H1,17,80.94,30,1,410×410×600,SINAP,2014.01.17,,Fangda Carbon,,成都炭素,3H009,2014.1,WG,1,1,,,,,,,,,,,1,,6,9,4,25,,,
454,NG-CT-10,H1,17,83.46,30,1,410×410×600,SINAP,2014.01.17,,Fangda Carbon,,成都炭素,3H009,2014.1,WG,1,1,,,,,,,,,,,1,,8,9,4,25,,,
455,NG-CT-10,H1,17,82.45,30,1,410×410×600,SINAP,2014.01.17,,Fangda Carbon,,成都炭素,3H009,2014.1,WG,1,1,,,,,,,,,,,1,,9,9,4,25,,,
456,NG-CT-10,H1,17,75.61,30,1,410×410×600,SINAP,2014.01.17,,Fangda Carbon,,成都炭素,3H009,2014.1,AG,1,1,,,,,,,,,,,1,,16,7,4,25,,,
457,NG-CT-10,H1,17,83.95,30,1,410×410×600,SINAP,2014.01.17,,Fangda Carbon,,成都炭素,3H009,2014.1,AG,1,1,,,,,,,,,,,1,,17,7,4,25,,,
458,NG-CT-10,H1,17,82.75,30,1,410×410×600,SINAP,2014.01.17,,Fangda Carbon,,成都炭素,3H009,2014.1,AG,1,1,,,,,,,,,,,1,,18,7,4,25,,,
459,NG-CT-10,H1,17,80.89,30,1,410×410×600,SINAP,2014.01.17,,Fangda Carbon,,成都炭素,3H009,2014.1,AG,1,1,,,,,,,,,,,1,,28,8,4,25,,,
460,NG-CT-10,H1,17,82.92,30,1,410×410×600,SINAP,2014.01.17,,Fangda Carbon,,成都炭素,3H009,2014.1,AG,1,1,,,,,,,,,,,1,,29,8,4,25,,,
461,NG-CT-10,H1,17,80.46,30,1,410×410×600,SINAP,2014.01.17,,Fangda Carbon,,成都炭素,3H009,2014.1,AG,1,1,,,,,,,,,,,1,,30,8,4,25,,,
462,NG-CT-10,H1,17,80.5,30,1,410×410×600,SINAP,2014.01.17,,Fangda Carbon,,成都炭素,3H009,2014.1,AG,1,1,,,,,,,,,,,1,,22,9,4,25,,,
463,NG-CT-10,H1,17,76.92,30,1,410×410×600,SINAP,2014.01.17,,Fangda Carbon,,成都炭素,3H009,2014.1,AG,1,1,,,,,,,,,,,1,,23,9,4,25,,,
464,NG-CT-10,H1,17,81.4,30,1,410×410×600,SINAP,2014.01.17,,Fangda Carbon,,成都炭素,3H009,2014.1,AG,1,1,,,,,,,,,,,1,,24,9,4,25,,,
465,NG-CT-10,H1,16,36.53,29,1,410×410×600,SINAP,2014.01.27,,Fangda Carbon,,成都炭素,3H009,2014.1,WG,1,1,,,,,,,,,,,1,,2,7,4,25,,,
466,NG-CT-10,H1,16,32.49,29,1,410×410×600,SINAP,2014.01.27,,Fangda Carbon,,成都炭素,3H009,2014.1,WG,1,1,,,,,,,,,,,1,,3,7,4,25,,,
467,NG-CT-10,H1,16,31.97,29,1,410×410×600,SINAP,2014.01.27,,Fangda Carbon,,成都炭素,3H009,2014.1,WG,1,1,,,,,,,,,,,1,,4,7,4,25,,,
468,NG-CT-10,H1,16,34.98,29,1,410×410×600,SINAP,2014.01.27,,Fangda Carbon,,成都炭素,3H009,2014.1,WG,1,1,,,,,,,,,,,1,,8,8,4,25,,,
469,NG-CT-10,H1,16,34.42,29,1,410×410×600,SINAP,2014.01.27,,Fangda Carbon,,成都炭素,3H009,2014.1,WG,1,1,,,,,,,,,,,1,,9,8,4,25,,,
470,NG-CT-10,H1,16,35.37,29,1,410×410×600,SINAP,2014.01.27,,Fangda Carbon,,成都炭素,3H009,2014.1,WG,1,1,,,,,,,,,,,1,,10,8,4,25,,,
471,NG-CT-10,H1,16,33.9,29,1,410×410×600,SINAP,2014.01.27,,Fangda Carbon,,成都炭素,3H009,2014.1,WG,1,1,,,,,,,,,,,1,,11,9,4,25,,,
472,NG-CT-10,H1,16,33.23,29,1,410×410×600,SINAP,2014.01.27,,Fangda Carbon,,成都炭素,3H009,2014.1,WG,1,1,,,,,,,,,,,1,,12,9,4,25,,,
473,NG-CT-10,H1,16,31.28,29,1,410×410×600,SINAP,2014.01.27,,Fangda Carbon,,成都炭素,3H009,2014.1,WG,1,1,,,,,,,,,,,1,,13,9,4,25,,,
474,NG-CT-10,H1,16,39.3,29,1,410×410×600,SINAP,2014.01.27,,Fangda Carbon,,成都炭素,3H009,2014.1,AG,1,1,,,,,,,,,,,1,,16,7,4,25,,,
475,NG-CT-10,H1,16,36.52,29,1,410×410×600,SINAP,2014.01.27,,Fangda Carbon,,成都炭素,3H009,2014.1,AG,1,1,,,,,,,,,,,1,,17,7,4,25,,,
476,NG-CT-10,H1,16,34.59,29,1,410×410×600,SINAP,2014.01.27,,Fangda Carbon,,成都炭素,3H009,2014.1,AG,1,1,,,,,,,,,,,1,,18,7,4,25,,,
477,NG-CT-10,H1,16,32.16,29,1,410×410×600,SINAP,2014.01.27,,Fangda Carbon,,成都炭素,3H009,2014.1,AG,1,1,,,,,,,,,,,1,,22,8,4,25,,,
478,NG-CT-10,H1,16,34.94,29,1,410×410×600,SINAP,2014.01.27,,Fangda Carbon,,成都炭素,3H009,2014.1,AG,1,1,,,,,,,,,,,1,,23,8,4,25,,,
479,NG-CT-10,H1,16,34.09,29,1,410×410×600,SINAP,2014.01.27,,Fangda Carbon,,成都炭素,3H009,2014.1,AG,1,1,,,,,,,,,,,1,,24,8,4,25,,,
480,NG-CT-10,H1,16,34.72,29,1,410×410×600,SINAP,2014.01.27,,Fangda Carbon,,成都炭素,3H009,2014.1,AG,1,1,,,,,,,,,,,1,,26,9,4,25,,,
481,NG-CT-10,H1,16,35.28,29,1,410×410×600,SINAP,2014.01.27,,Fangda Carbon,,成都炭素,3H009,2014.1,AG,1,1,,,,,,,,,,,1,,28,9,4,25,,,
482,NG-CT-10,H1,16,34.08,29,1,410×410×600,SINAP,2014.01.27,,Fangda Carbon,,成都炭素,3H009,2014.1,AG,1,1,,,,,,,,,,,1,,29,9,4,25,,,
483,NG-CT-10,H1,18,10.06,32,1,410×410×600,SINAP,2014.01.27,,Fangda Carbon,,成都炭素,3H009,2014.1,WG,1,1,,,,,,,,,,,1,,2,7,4,25,,,
484,NG-CT-10,H1,18,9.77,32,1,410×410×600,SINAP,2014.01.27,,Fangda Carbon,,成都炭素,3H009,2014.1,WG,1,1,,,,,,,,,,,1,,3,7,4,25,,,
485,NG-CT-10,H1,18,9.9,32,1,410×410×600,SINAP,2014.01.27,,Fangda Carbon,,成都炭素,3H009,2014.1,WG,1,1,,,,,,,,,,,1,,4,7,4,25,,,
486,NG-CT-10,H1,18,9.95,32,1,410×410×600,SINAP,2014.01.27,,Fangda Carbon,,成都炭素,3H009,2014.1,WG,1,1,,,,,,,,,,,1,,8,8,4,25,,,
487,NG-CT-10,H1,18,10.02,32,1,410×410×600,SINAP,2014.01.27,,Fangda Carbon,,成都炭素,3H009,2014.1,WG,1,1,,,,,,,,,,,1,,9,8,4,25,,,
488,NG-CT-10,H1,18,10.07,32,1,410×410×600,SINAP,2014.01.27,,Fangda Carbon,,成都炭素,3H009,2014.1,WG,1,1,,,,,,,,,,,1,,10,8,4,25,,,
489,NG-CT-10,H1,18,9.95,32,1,410×410×600,SINAP,2014.01.27,,Fangda Carbon,,成都炭素,3H009,2014.1,WG,1,1,,,,,,,,,,,1,,11,9,4,25,,,
490,NG-CT-10,H1,18,9.87,32,1,410×410×600,SINAP,2014.01.27,,Fangda Carbon,,成都炭素,3H009,2014.1,WG,1,1,,,,,,,,,,,1,,12,9,4,25,,,
491,NG-CT-10,H1,18,9.46,32,1,410×410×600,SINAP,2014.01.27,,Fangda Carbon,,成都炭素,3H009,2014.1,WG,1,1,,,,,,,,,,,1,,13,9,4,25,,,
492,NG-CT-10,H1,18,11.85,32,1,410×410×600,SINAP,2014.01.27,,Fangda Carbon,,成都炭素,3H009,2014.1,AG,1,1,,,,,,,,,,,1,,16,7,4,25,,,
493,NG-CT-10,H1,18,12.03,32,1,410×410×600,SINAP,2014.01.27,,Fangda Carbon,,成都炭素,3H009,2014.1,AG,1,1,,,,,,,,,,,1,,17,7,4,25,,,
494,NG-CT-10,H1,18,11.29,32,1,410×410×600,SINAP,2014.01.27,,Fangda Carbon,,成都炭素,3H009,2014.1,AG,1,1,,,,,,,,,,,1,,18,7,4,25,,,
495,NG-CT-10,H1,18,10.64,32,1,410×410×600,SINAP,2014.01.27,,Fangda Carbon,,成都炭素,3H009,2014.1,AG,1,1,,,,,,,,,,,1,,22,8,4,25,,,
496,NG-CT-10,H1,18,10.6,32,1,410×410×600,SINAP,2014.01.27,,Fangda Carbon,,成都炭素,3H009,2014.1,AG,1,1,,,,,,,,,,,1,,23,8,4,25,,,
497,NG-CT-10,H1,18,10.58,32,1,410×410×600,SINAP,2014.01.27,,Fangda Carbon,,成都炭素,3H009,2014.1,AG,1,1,,,,,,,,,,,1,,24,8,4,25,,,
498,NG-CT-10,H1,18,10.75,32,1,410×410×600,SINAP,2014.01.27,,Fangda Carbon,,成都炭素,3H009,2014.1,AG,1,1,,,,,,,,,,,1,,26,9,4,25,,,
499,NG-CT-10,H1,18,10.61,32,1,410×410×600,SINAP,2014.01.27,,Fangda Carbon,,成都炭素,3H009,2014.1,AG,1,1,,,,,,,,,,,1,,28,9,4,25,,,
500,NG-CT-10,H1,18,10.71,32,1,410×410×600,SINAP,2014.01.27,,Fangda Carbon,,成都炭素,3H009,2014.1,AG,1,1,,,,,,,,,,,1,,29,9,4,25,,,
583,NG-CT-10,H1,25,-0.005,42,1,400×400×600,SINAP,20150818,20,SINAP,压强atm,1,3H009,2014,,,3,2,,20150818D,0,1,700,,,,,3,,,10,8,700,,D10*20mm,
584,NG-CT-10,H1,25,0.0015,43,1,400×400×600,SINAP,20150818,20,SINAP,压强atm,1,3H009,2014,,,3,2,,20150818D,0,1,700,,,,,3,,,10,8,700,,D10*20mm,
585,NG-CT-10,H1,25,-1.79,42,1,400×400×600,SINAP,20150831,20,SINAP,压强atm,1,3H009,2014,,,3,2,,20150831D,0,1.5,700,,,,,3,,,10,8,700,,D10*20mm,
586,NG-CT-10,H1,25,0.17,43,1,400×400×600,SINAP,20150831,20,SINAP,压强atm,1,3H009,2014,,,3,2,,20150831D,0,1.5,700,,,,,3,,,10,8,700,,D10*20mm,
587,NG-CT-10,H1,25,4.05,42,1,400×400×600,SINAP,20150915,20,SINAP,压强atm,1,3H009,2014,,,3,2,,20150915A,0,2,700,,,,,3,,,10,8,700,,D10*20mm,
588,NG-CT-10,H1,25,0.13,43,1,400×400×600,SINAP,20150915,20,SINAP,压强atm,1,3H009,2014,,,3,2,,20150915A,0,2,700,,,,,3,,,10,8,700,,D10*20mm,
589,NG-CT-10,H1,25,5.13,42,1,400×400×600,SINAP,20150831,20,SINAP,压强atm,1,3H009,2014,,,3,2,,20150831A,0,4,700,,,,,3,,,10,8,700,,D10*20mm,
590,NG-CT-10,H1,25,0.094,43,1,400×400×600,SINAP,20150831,20,SINAP,压强atm,1,3H009,2014,,,3,2,,20150831A,0,4,700,,,,,3,,,10,8,700,,D10*20mm,
591,NG-CT-10,H1,25,5.63,42,1,400×400×600,SINAP,20150813,20,SINAP,压强atm,1,3H009,2014,,,3,2,,20150813A,0,5,700,,,,,3,,,10,8,700,,D10*20mm,
592,NG-CT-10,H1,25,0.15,43,1,400×400×600,SINAP,20150813,20,SINAP,压强atm,1,3H009,2014,,,3,2,,20150813A,0,5,700,,,,,3,,,10,8,700,,D10*20mm,
593,NG-CT-10,H1,25,5.88,42,1,400×400×600,SINAP,20150120,20,SINAP,压强atm,1,3H009,2014,,,5,2,,20150120B,0,6,700,,,,,3,,,10,8,700,,D10*20mm,
594,NG-CT-10,H1,25,0.32,43,1,400×400×600,SINAP,20150120,20,SINAP,压强atm,1,3H009,2014,,,5,2,,20150120B,0,6,700,,,,,3,,,10,8,700,,D10*20mm,
595,NG-CT-10,H1,25,6.54,42,1,400×400×600,SINAP,20150122,20,SINAP,压强atm,1,3H009,2014,,,5,2,,20150122B,0,8,700,,,,,3,,,10,8,700,,D10*20mm,
596,NG-CT-10,H1,25,0.56,43,1,400×400×600,SINAP,20150122,20,SINAP,压强atm,1,3H009,2014,,,5,2,,20150122B,0,8,700,,,,,3,,,10,8,700,,D10*20mm,
597,NG-CT-10,H1,25,6.8,42,1,400×400×600,SINAP,20150121,20,SINAP,压强atm,1,3H009,2014,,,5,2,,20150121D,0,10,700,,,,,3,,,10,8,700,,D10*20mm,
598,NG-CT-10,H1,25,0.38,43,1,400×400×600,SINAP,20150121,20,SINAP,压强atm,1,3H009,2014,,,5,2,,20150121D,0,10,700,,,,,3,,,10,8,700,,D10*20mm,
599,NG-CT-50,H1,25,0.022,42,1,400×400×600,SINAP,20150120,20,SINAP,压强atm,1,3H009,2014,,,3,2,,20150120B,0,6,700,,,,,3,,,10,8,700,,D10*20mm,
600,NG-CT-50,H1,25,0.0082,43,1,400×400×600,SINAP,20150120,20,SINAP,压强atm,1,3H009,2014,,,3,2,,20150120B,0,6,700,,,,,3,,,10,8,700,,D10*20mm,
601,NG-CT-50,H1,25,7.02,42,1,400×400×600,SINAP,20150122,20,SINAP,压强atm,1,3H009,2014,,,3,2,,20150122B,0,8,700,,,,,3,,,10,8,700,,D10*20mm,
602,NG-CT-50,H1,25,2.36,43,1,400×400×600,SINAP,20150122,20,SINAP,压强atm,1,3H009,2014,,,3,2,,20150122B,0,8,700,,,,,3,,,10,8,700,,D10*20mm,
603,NG-CT-50,H1,25,12.95,42,1,400×400×600,SINAP,20150121,20,SINAP,压强atm,1,3H009,2014,,,3,2,,20150121D,0,10,700,,,,,3,,,10,8,700,,D10*20mm,
604,NG-CT-50,H1,25,0.31,43,1,400×400×600,SINAP,20150121,20,SINAP,压强atm,1,3H009,2014,,,3,2,,20150121D,0,10,700,,,,,3,,,10,8,700,,D10*20mm,
605,NG-CT-10,H1,1,1.891,24,1,410×410×600,SINAP,20140127,,Fangda Carbon,,成都炭素,3H009,2014,WG,,,,,,,,,,,,,1,,1,7,3,,,,
606,NG-CT-10,H1,1,1.894,24,1,410×410×600,SINAP,20140127,,Fangda Carbon,,成都炭素,3H009,2014,WG,,,,,,,,,,,,,1,,2,7,3,,,,
607,NG-CT-10,H1,1,1.884,24,1,410×410×600,SINAP,20140127,,Fangda Carbon,,成都炭素,3H009,2014,WG,,,,,,,,,,,,,1,,3,7,3,,,,
608,NG-CT-10,H1,1,1.886,24,1,410×410×600,SINAP,20140127,,Fangda Carbon,,成都炭素,3H009,2014,WG,,,,,,,,,,,,,1,,6,9,3,,,,
609,NG-CT-10,H1,1,1.892,24,1,410×410×600,SINAP,20140127,,Fangda Carbon,,成都炭素,3H009,2014,WG,,,,,,,,,,,,,1,,8,9,3,,,,
610,NG-CT-10,H1,1,1.885,24,1,410×410×600,SINAP,20140127,,Fangda Carbon,,成都炭素,3H009,2014,WG,,,,,,,,,,,,,1,,9,9,3,,,,
611,NG-CT-10,H1,1,1.873,24,1,410×410×600,SINAP,20140127,,Fangda Carbon,,成都炭素,3H009,2014,WG,,,,,,,,,,,,,1,,12,8,3,,,,
612,NG-CT-10,H1,1,1.877,24,1,410×410×600,SINAP,20140127,,Fangda Carbon,,成都炭素,3H009,2014,WG,,,,,,,,,,,,,1,,13,8,3,,,,
613,NG-CT-10,H1,1,1.879,24,1,410×410×600,SINAP,20140127,,Fangda Carbon,,成都炭素,3H009,2014,WG,,,,,,,,,,,,,1,,14,8,3,,,,
614,NG-CT-10,H1,1,1.894,24,1,410×410×600,SINAP,20140127,,Fangda Carbon,,成都炭素,3H009,2014,AG,,,,,,,,,,,,,1,,16,7,3,,,,
615,NG-CT-10,H1,1,1.892,24,1,410×410×600,SINAP,20140127,,Fangda Carbon,,成都炭素,3H009,2014,AG,,,,,,,,,,,,,1,,17,7,3,,,,
616,NG-CT-10,H1,1,1.892,24,1,410×410×600,SINAP,20140127,,Fangda Carbon,,成都炭素,3H009,2014,AG,,,,,,,,,,,,,1,,18,7,3,,,,
617,NG-CT-10,H1,1,1.885,24,1,410×410×600,SINAP,20140127,,Fangda Carbon,,成都炭素,3H009,2014,AG,,,,,,,,,,,,,1,,22,9,3,,,,
618,NG-CT-10,H1,1,1.868,24,1,410×410×600,SINAP,20140127,,Fangda Carbon,,成都炭素,3H009,2014,AG,,,,,,,,,,,,,1,,23,9,3,,,,
619,NG-CT-10,H1,1,1.884,24,1,410×410×600,SINAP,20140127,,Fangda Carbon,,成都炭素,3H009,2014,AG,,,,,,,,,,,,,1,,24,9,3,,,,
620,NG-CT-10,H1,1,1.897,24,1,410×410×600,SINAP,20140127,,Fangda Carbon,,成都炭素,3H009,2014,AG,,,,,,,,,,,,,1,,28,8,3,,,,
621,NG-CT-10,H1,1,1.889,24,1,410×410×600,SINAP,20140127,,Fangda Carbon,,成都炭素,3H009,2014,AG,,,,,,,,,,,,,1,,29,8,3,,,,
622,NG-CT-10,H1,1,1.888,24,1,410×410×600,SINAP,20140127,,Fangda Carbon,,成都炭素,3H009,2014,AG,,,,,,,,,,,,,1,,30,8,3,,,,
623,NG-CT-10,H1,3,3.87,25,1,410×410×600,SINAP,20140208,,Fangda Carbon,,成都炭素,3H009,2014,WG,,,,,,,,,,,,,1,,13,7,3,,RT-600,Φ18×50,
624,NG-CT-10,H1,3,3.77,25,1,410×410×600,SINAP,20140208,,Fangda Carbon,,成都炭素,3H009,2014,WG,,,,,,,,,,,,,1,,14,7,3,,RT-600,Φ18×50,
625,NG-CT-10,H1,3,3.98,25,1,410×410×600,SINAP,20140208,,Fangda Carbon,,成都炭素,3H009,2014,WG,,,,,,,,,,,,,1,,15,7,3,,RT-600,Φ18×50,
626,NG-CT-10,H1,3,3.5,25,1,410×410×600,SINAP,20140208,,Fangda Carbon,,成都炭素,3H009,2014,AG,,,,,,,,,,,,,1,,28,7,3,,RT-600,Φ18×50,
627,NG-CT-10,H1,3,3.54,25,1,410×410×600,SINAP,20140208,,Fangda Carbon,,成都炭素,3H009,2014,AG,,,,,,,,,,,,,1,,29,7,3,,RT-600,Φ18×50,
628,NG-CT-10,H1,3,3.49,25,1,410×410×600,SINAP,20140208,,Fangda Carbon,,成都炭素,3H009,2014,AG,,,,,,,,,,,,,1,,30,7,3,,RT-600,Φ18×50,
629,NG-CT-10,H1,3,3.62,25,1,410×410×600,SINAP,20140208,,Fangda Carbon,,成都炭素,3H009,2014,WG,,,,,,,,,,,,,1,,10,8,3,,RT-600,Φ18×50,
630,NG-CT-10,H1,3,3.66,25,1,410×410×600,SINAP,20140208,,Fangda Carbon,,成都炭素,3H009,2014,WG,,,,,,,,,,,,,1,,11,8,3,,RT-600,Φ18×50,
631,NG-CT-10,H1,3,3.84,25,1,410×410×600,SINAP,20140208,,Fangda Carbon,,成都炭素,3H009,2014,WG,,,,,,,,,,,,,1,,12,8,3,,RT-600,Φ18×50,
632,NG-CT-10,H1,3,3.41,25,1,410×410×600,SINAP,20140208,,Fangda Carbon,,成都炭素,3H009,2014,AG,,,,,,,,,,,,,1,,25,8,3,,RT-600,Φ18×50,
633,NG-CT-10,H1,3,3.56,25,1,410×410×600,SINAP,20140208,,Fangda Carbon,,成都炭素,3H009,2014,AG,,,,,,,,,,,,,1,,26,8,3,,RT-600,Φ18×50,
634,NG-CT-10,H1,3,3.7,25,1,410×410×600,SINAP,20140208,,Fangda Carbon,,成都炭素,3H009,2014,AG,,,,,,,,,,,,,1,,27,8,3,,RT-600,Φ18×50,
635,NG-CT-10,H1,3,3.88,25,1,410×410×600,SINAP,20140208,,Fangda Carbon,,成都炭素,3H009,2014,WG,,,,,,,,,,,,,1,,1,9,3,,RT-600,Φ18×50,
636,NG-CT-10,H1,3,3.81,25,1,410×410×600,SINAP,20140208,,Fangda Carbon,,成都炭素,3H009,2014,WG,,,,,,,,,,,,,1,,2,9,3,,RT-600,Φ18×50,
637,NG-CT-10,H1,3,3.63,25,1,410×410×600,SINAP,20140208,,Fangda Carbon,,成都炭素,3H009,2014,WG,,,,,,,,,,,,,1,,3,9,3,,RT-600,Φ18×50,
638,NG-CT-10,H1,3,3.5,25,1,410×410×600,SINAP,20140208,,Fangda Carbon,,成都炭素,3H009,2014,AG,,,,,,,,,,,,,1,,16,9,3,,RT-600,Φ18×50,
639,NG-CT-10,H1,3,3.47,25,1,410×410×600,SINAP,20140208,,Fangda Carbon,,成都炭素,3H009,2014,AG,,,,,,,,,,,,,1,,17,9,3,,RT-600,Φ18×50,
640,NG-CT-10,H1,3,3.5,25,1,410×410×600,SINAP,20140208,,Fangda Carbon,,成都炭素,3H009,2014,AG,,,,,,,,,,,,,1,,18,9,3,,RT-600,Φ18×50,
641,NG-CT-10,F01C1,4,3.38,25,1,410×410×600,SINAP,20140319,,SINAP,,成都炭素,1H027,2014,WG,,,,,,,,,,,,,1,,0-0-1,4,3,,30-30,Φ6×25,
642,NG-CT-10,F01C1,4,3.76,25,1,410×410×600,SINAP,20140319,,SINAP,,成都炭素,1H027,2014,WG,,,,,,,,,,,,,1,,0-0-1,4,3,,30-100,Φ6×25,
643,NG-CT-10,F01C1,4,3.87,25,1,410×410×600,SINAP,20140319,,SINAP,,成都炭素,1H027,2014,WG,,,,,,,,,,,,,1,,0-0-1,4,3,,30-200,Φ6×25,
644,NG-CT-10,F01C1,4,4.05,25,1,410×410×600,SINAP,20140319,,SINAP,,成都炭素,1H027,2014,WG,,,,,,,,,,,,,1,,0-0-1,4,3,,30-300,Φ6×25,
645,NG-CT-10,F01C1,4,4.21,25,1,410×410×600,SINAP,20140319,,SINAP,,成都炭素,1H027,2014,WG,,,,,,,,,,,,,1,,0-0-1,4,3,,30-400,Φ6×25,
646,NG-CT-10,F01C1,4,4.37,25,1,410×410×600,SINAP,20140319,,SINAP,,成都炭素,1H027,2014,WG,,,,,,,,,,,,,1,,0-0-1,4,3,,30-500,Φ6×25,
647,NG-CT-10,F01C1,4,4.43,25,1,410×410×600,SINAP,20140319,,SINAP,,成都炭素,1H027,2014,WG,,,,,,,,,,,,,1,,0-0-1,4,3,,30-550,Φ6×25,
648,NG-CT-10,F01C1,4,4.49,25,1,410×410×600,SINAP,20140319,,SINAP,,成都炭素,1H027,2014,WG,,,,,,,,,,,,,1,,0-0-1,4,3,,30-600,Φ6×25,
649,NG-CT-10,F01C1,4,4.55,25,1,410×410×600,SINAP,20140319,,SINAP,,成都炭素,1H027,2014,WG,,,,,,,,,,,,,1,,0-0-1,4,3,,30-650,Φ6×25,
650,NG-CT-10,F01C1,4,4.6,25,1,410×410×600,SINAP,20140319,,SINAP,,成都炭素,1H027,2014,WG,,,,,,,,,,,,,1,,0-0-1,4,3,,30-700,Φ6×25,
651,NG-CT-10,F01C1,4,4.68,25,1,410×410×600,SINAP,20140319,,SINAP,,成都炭素,1H027,2014,WG,,,,,,,,,,,,,1,,0-0-1,4,3,,30-800,Φ6×25,
652,NG-CT-10,F01C1,4,4.76,25,1,410×410×600,SINAP,20140319,,SINAP,,成都炭素,1H027,2014,WG,,,,,,,,,,,,,1,,0-0-1,4,3,,30-900,Φ6×25,
653,NG-CT-10,F01C1,4,4.83,25,1,410×410×600,SINAP,20140319,,SINAP,,成都炭素,1H027,2014,WG,,,,,,,,,,,,,1,,0-0-1,4,3,,30-1000,Φ6×25,
654,NG-CT-10,H1,3,1.1,26,1,410×410×600,SINAP,20140208,,Fangda Carbon,,成都炭素,3H009,2014,,,,,,,,,,,,,,1,,,7,3,,,Φ18×50,
655,NG-CT-10,H1,3,1.04,26,1,410×410×600,SINAP,20140208,,Fangda Carbon,,成都炭素,3H009,2014,,,,,,,,,,,,,,1,,,8,3,,,Φ18×50,
656,NG-CT-10,H1,3,1.08,26,1,410×410×600,SINAP,20140208,,Fangda Carbon,,成都炭素,3H009,2014,,,,,,,,,,,,,,1,,,9,3,,,Φ18×50,
657,NG-CT-10,F01C1,5,1.07,26,1,410×410×600,SINAP,20140319,,SINAP,,成都炭素,1H027,2014,,,,,,,,,,,,,,1,,,4,3,,,Φ6×25,
658,NG-CT-10,F01C1,5,1.11,26,1,410×410×600,SINAP,20140319,,SINAP,,成都炭素,1H027,2014,,,,,,,,,,,,,,1,,,3,3,,,Φ6×25,
659,NG-CT-10,F01C1,5,1.08,26,1,410×410×600,SINAP,20140319,,SINAP,,成都炭素,1H027,2014,,,,,,,,,,,,,,1,,,2,3,,,Φ6×25,
660,NG-CT-10,F01C1,5,1.12,26,1,410×410×600,SINAP,20140319,,SINAP,,成都炭素,1H027,2014,,,,,,,,,,,,,,1,,,1,3,,,Φ6×25,
661,NG-CT-10,F01C1,5,1.1,26,1,410×410×600,SINAP,20140319,,SINAP,,成都炭素,1H027,2014,,,,,,,,,,,,,,1,,,6,3,,,Φ6×25,
662,NG-CT-10,F01C1,5,1.11,26,1,410×410×600,SINAP,20140319,,SINAP,,成都炭素,1H027,2014,,,,,,,,,,,,,,1,,,5,3,,,Φ6×25,
663,NG-CT-10,H1,6,128.88,27,1,410×410×600,SINAP,20140127,,Fangda Carbon,,成都炭素,3H009,2014,WG,,,,,,,,,,,,,1,,1,7,3,21,,Φ12.7×2.5,
664,NG-CT-10,H1,6,98.1,27,1,410×410×600,SINAP,20140127,,Fangda Carbon,,成都炭素,3H009,2014,WG,,,,,,,,,,,,,1,,1,7,3,200,,Φ12.7×2.5,
665,NG-CT-10,H1,6,84.52,27,1,410×410×600,SINAP,20140127,,Fangda Carbon,,成都炭素,3H009,2014,WG,,,,,,,,,,,,,1,,1,7,3,400,,Φ12.7×2.5,
666,NG-CT-10,H1,6,75.57,27,1,410×410×600,SINAP,20140127,,Fangda Carbon,,成都炭素,3H009,2014,WG,,,,,,,,,,,,,1,,1,7,3,600,,Φ12.7×2.5,
667,NG-CT-10,H1,6,117.4,27,1,410×410×600,SINAP,20140127,,Fangda Carbon,,成都炭素,3H009,2014,AG,,,,,,,,,,,,,1,,7,7,3,21,,Φ12.7×2.5,
668,NG-CT-10,H1,6,88.5,27,1,410×410×600,SINAP,20140127,,Fangda Carbon,,成都炭素,3H009,2014,AG,,,,,,,,,,,,,1,,7,7,3,200,,Φ12.7×2.5,
669,NG-CT-10,H1,6,77.97,27,1,410×410×600,SINAP,20140127,,Fangda Carbon,,成都炭素,3H009,2014,AG,,,,,,,,,,,,,1,,7,7,3,400,,Φ12.7×2.5,
670,NG-CT-10,H1,6,70.92,27,1,410×410×600,SINAP,20140127,,Fangda Carbon,,成都炭素,3H009,2014,AG,,,,,,,,,,,,,1,,7,7,3,600,,Φ12.7×2.5,
671,NG-CT-10,H1,6,102.71,27,1,410×410×600,SINAP,20140127,,Fangda Carbon,,成都炭素,3H009,2014,WG,,,,,,,,,,,,,1,,3,8,3,20,,Φ12.7×2.5,
672,NG-CT-10,H1,6,79.85,27,1,410×410×600,SINAP,20140127,,Fangda Carbon,,成都炭素,3H009,2014,WG,,,,,,,,,,,,,1,,3,8,3,200,,Φ12.7×2.5,
673,NG-CT-10,H1,6,70.98,27,1,410×410×600,SINAP,20140127,,Fangda Carbon,,成都炭素,3H009,2014,WG,,,,,,,,,,,,,1,,3,8,3,400,,Φ12.7×2.5,
674,NG-CT-10,H1,6,65.07,27,1,410×410×600,SINAP,20140127,,Fangda Carbon,,成都炭素,3H009,2014,WG,,,,,,,,,,,,,1,,3,8,3,600,,Φ12.7×2.5,
675,NG-CT-10,H1,6,129.41,27,1,410×410×600,SINAP,20140127,,Fangda Carbon,,成都炭素,3H009,2014,AG,,,,,,,,,,,,,1,,9,8,3,21,,Φ12.7×2.5,
676,NG-CT-10,H1,6,116.32,27,1,410×410×600,SINAP,20140127,,Fangda Carbon,,成都炭素,3H009,2014,AG,,,,,,,,,,,,,1,,9,8,3,200,,Φ12.7×2.5,
677,NG-CT-10,H1,6,97.38,27,1,410×410×600,SINAP,20140127,,Fangda Carbon,,成都炭素,3H009,2014,AG,,,,,,,,,,,,,1,,9,8,3,400,,Φ12.7×2.5,
678,NG-CT-10,H1,6,83.49,27,1,410×410×600,SINAP,20140127,,Fangda Carbon,,成都炭素,3H009,2014,AG,,,,,,,,,,,,,1,,9,8,3,600,,Φ12.7×2.5,
679,NG-CT-10,H1,6,126.5,27,1,410×410×600,SINAP,20140127,,Fangda Carbon,,成都炭素,3H009,2014,WG,,,,,,,,,,,,,1,,5,9,3,21,,Φ12.7×2.5,
680,NG-CT-10,H1,6,93.51,27,1,410×410×600,SINAP,20140127,,Fangda Carbon,,成都炭素,3H009,2014,WG,,,,,,,,,,,,,1,,5,9,3,200,,Φ12.7×2.5,
681,NG-CT-10,H1,6,81.77,27,1,410×410×600,SINAP,20140127,,Fangda Carbon,,成都炭素,3H009,2014,WG,,,,,,,,,,,,,1,,5,9,3,400,,Φ12.7×2.5,
682,NG-CT-10,H1,6,70.29,27,1,410×410×600,SINAP,20140127,,Fangda Carbon,,成都炭素,3H009,2014,WG,,,,,,,,,,,,,1,,5,9,3,600,,Φ12.7×2.5,
683,NG-CT-10,H1,6,125.05,27,1,410×410×600,SINAP,20140127,,Fangda Carbon,,成都炭素,3H009,2014,WG,,,,,,,,,,,,,1,,6,9,3,21,,Φ12.7×2.5,
684,NG-CT-10,H1,6,108.33,27,1,410×410×600,SINAP,20140127,,Fangda Carbon,,成都炭素,3H009,2014,WG,,,,,,,,,,,,,1,,6,9,3,200,,Φ12.7×2.5,
685,NG-CT-10,H1,6,89.55,27,1,410×410×600,SINAP,20140127,,Fangda Carbon,,成都炭素,3H009,2014,WG,,,,,,,,,,,,,1,,6,9,3,400,,Φ12.7×2.5,
686,NG-CT-10,H1,6,76.47,27,1,410×410×600,SINAP,20140127,,Fangda Carbon,,成都炭素,3H009,2014,WG,,,,,,,,,,,,,1,,6,9,3,600,,Φ12.7×2.5,
687,NG-CT-10,H1,6,129.25,27,1,410×410×600,SINAP,20140127,,Fangda Carbon,,成都炭素,3H009,2014,AG,,,,,,,,,,,,,1,,11,9,3,20,,Φ12.7×2.5,
688,NG-CT-10,H1,6,112.99,27,1,410×410×600,SINAP,20140127,,Fangda Carbon,,成都炭素,3H009,2014,AG,,,,,,,,,,,,,1,,11,9,3,200,,Φ12.7×2.5,
689,NG-CT-10,H1,6,95.3,27,1,410×410×600,SINAP,20140127,,Fangda Carbon,,成都炭素,3H009,2014,AG,,,,,,,,,,,,,1,,11,9,3,400,,Φ12.7×2.5,
690,NG-CT-10,H1,6,83.34,27,1,410×410×600,SINAP,20140127,,Fangda Carbon,,成都炭素,3H009,2014,AG,,,,,,,,,,,,,1,,11,9,3,600,,Φ12.7×2.5,
691,NG-CT-10,H1,6,126.63,27,1,410×410×600,SINAP,20140127,,Fangda Carbon,,成都炭素,3H009,2014,AG,,,,,,,,,,,,,1,,12,9,3,20,,Φ12.7×2.5,
692,NG-CT-10,H1,6,96.81,27,1,410×410×600,SINAP,20140127,,Fangda Carbon,,成都炭素,3H009,2014,AG,,,,,,,,,,,,,1,,12,9,3,200,,Φ12.7×2.5,
693,NG-CT-10,H1,6,82.99,27,1,410×410×600,SINAP,20140127,,Fangda Carbon,,成都炭素,3H009,2014,AG,,,,,,,,,,,,,1,,12,9,3,400,,Φ12.7×2.5,
694,NG-CT-10,H1,6,75.1,27,1,410×410×600,SINAP,20140127,,Fangda Carbon,,成都炭素,3H009,2014,AG,,,,,,,,,,,,,1,,12,9,3,600,,Φ12.7×2.5,
695,NG-CT-10,F01C1,6,118.63,27,1,410×410×600,SINAP,20140318,,SINAP,,成都炭素,1H027,2014,WG,,,,,,,,,,,,,1,,0-0-7,4,3,25,,Φ10×2,
696,NG-CT-10,F01C1,6,116.73,27,1,410×410×600,SINAP,20140318,,SINAP,,成都炭素,1H027,2014,WG,,,,,,,,,,,,,1,,0-0-7,4,3,100,,Φ10×2,
697,NG-CT-10,F01C1,6,106.77,27,1,410×410×600,SINAP,20140318,,SINAP,,成都炭素,1H027,2014,WG,,,,,,,,,,,,,1,,0-0-7,4,3,200,,Φ10×2,
698,NG-CT-10,F01C1,6,96,27,1,410×410×600,SINAP,20140318,,SINAP,,成都炭素,1H027,2014,WG,,,,,,,,,,,,,1,,0-0-7,4,3,300,,Φ10×2,
699,NG-CT-10,F01C1,6,87.34,27,1,410×410×600,SINAP,20140318,,SINAP,,成都炭素,1H027,2014,WG,,,,,,,,,,,,,1,,0-0-7,4,3,400,,Φ10×2,
700,NG-CT-10,F01C1,6,80.41,27,1,410×410×600,SINAP,20140318,,SINAP,,成都炭素,1H027,2014,WG,,,,,,,,,,,,,1,,0-0-7,4,3,500,,Φ10×2,
701,NG-CT-10,F01C1,6,77.32,27,1,410×410×600,SINAP,20140318,,SINAP,,成都炭素,1H027,2014,WG,,,,,,,,,,,,,1,,0-0-7,4,3,550,,Φ10×2,
702,NG-CT-10,F01C1,6,74.26,27,1,410×410×600,SINAP,20140318,,SINAP,,成都炭素,1H027,2014,WG,,,,,,,,,,,,,1,,0-0-7,4,3,600,,Φ10×2,
703,NG-CT-10,F01C1,6,71.68,27,1,410×410×600,SINAP,20140318,,SINAP,,成都炭素,1H027,2014,WG,,,,,,,,,,,,,1,,0-0-7,4,3,650,,Φ10×2,
704,NG-CT-10,F01C1,6,69.1,27,1,410×410×600,SINAP,20140318,,SINAP,,成都炭素,1H027,2014,WG,,,,,,,,,,,,,1,,0-0-7,4,3,700,,Φ10×2,
705,NG-CT-10,F01C1,6,65.17,27,1,410×410×600,SINAP,20140318,,SINAP,,成都炭素,1H027,2014,WG,,,,,,,,,,,,,1,,0-0-7,4,3,800,,Φ10×2,
706,NG-CT-10,F01C1,6,61.49,27,1,410×410×600,SINAP,20140318,,SINAP,,成都炭素,1H027,2014,WG,,,,,,,,,,,,,1,,0-0-7,4,3,900,,Φ10×2,
707,NG-CT-10,F01C1,6,58.19,27,1,410×410×600,SINAP,20140318,,SINAP,,成都炭素,1H027,2014,WG,,,,,,,,,,,,,1,,0-0-7,4,3,1000,,Φ10×2,
708,NG-CT-10,H1,22,62.2,35,1,410×410×600,,20150429,,SINAP,,成都炭素,3H006,2014.1,WG,,,1,,,,,,0%,4,,,1,,F01C1 0-1-W-9,3,2,700,,10×7.5×80mm,
709,NG-CT-10,H1,22,77.6,35,1,410×410×600,,20150430,,SINAP,,成都炭素,3H006,2014.1,WG,,,1,,,,,,0%,4,,,1,,F01C1 0-1-W-14,3,2,700,,10×7.5×80mm,
710,NG-CT-10,H1,22,67.1,35,1,410×410×600,,2015028,,SINAP,,成都炭素,3H006,2014.1,WG,,,1,,,,,,0%,4,,,1,,F01C1 0-1-W-13,3,2,700,,10×7.5×80mm,
711,NG-CT-10,H1,22,68,35,1,410×410×600,,20150427,,SINAP,,成都炭素,3H006,2014.1,WG,,,1,,,,,,0%,4,,,1,,F01C1 0-1-W-12,3,2,700,,10×7.5×80mm,
712,NG-CT-10,H1,22,68.7,35,1,410×410×600,,20150424,,SINAP,,成都炭素,3H006,2014.1,WG,,,1,,,,,,0%,4,,,1,,F01C1 0-1-W-11,3,2,700,,10×7.5×80mm,
713,NG-CT-10,H1,22,72.3,35,1,410×410×600,,20150416,,SINAP,,成都炭素,3H006,2014.1,WG,,,1,,,,,,0%,4,,,1,,F01C1 0-1-W-10,3,2,700,,10×7.5×80mm,
714,NG-CT-10,H1,22,76.8,35,1,410×410×600,,20150415,,SINAP,,成都炭素,3H006,2014.1,WG,,,1,,,,,,0%,4,,,1,,F01C1 0-1-W-8,3,2,700,,10×7.5×80mm,
715,NG-CT-10,H1,22,73.9,35,1,410×410×600,,20150414,,SINAP,,成都炭素,3H006,2014.1,WG,,,1,,,,,,0%,4,,,1,,F01C1 0-1-W-1,3,2,700,,10×7.5×80mm,
716,NG-CT-10,H1,22,69,35,1,410×410×600,,20150413,,SINAP,,成都炭素,3H006,2014.1,WG,,,1,,,,,,0%,4,,,1,,F01C1 0-1-W-7,3,2,700,,10×7.5×80mm,
717,NG-CT-10,H1,22,63.4,35,1,410×410×600,,20150625,,SINAP,,成都炭素,3H006,2014.1,WG,,,1,,,,,,1.50%,4,,,3,,F01C1 0-0-W-9,4,2,700,,10×7.5×80mm,
718,NG-CT-10,H1,22,71.6,35,1,410×410×600,,20150707,,SINAP,,成都炭素,3H006,2014.1,WG,,,1,,,,,,3.68%,4,,,3,,F01C1 0-0-W-10,4,2,700,,10×7.5×80mm,
719,NG-CT-10,H1,22,1.09,34,1,410×410×600,,20150429,,SINAP,,成都炭素,3H006,2014.1,WG,,,1,,,,,,0%,4,,,1,,F01C1 0-1-W-9,3,2,700,,10×7.5×80mm,
720,NG-CT-10,H1,22,1.26,34,1,410×410×600,,20150430,,SINAP,,成都炭素,3H006,2014.1,WG,,,1,,,,,,0%,4,,,1,,F01C1 0-1-W-14,3,2,700,,10×7.5×80mm,
721,NG-CT-10,H1,22,1.09,34,1,410×410×600,,2015028,,SINAP,,成都炭素,3H006,2014.1,WG,,,1,,,,,,0%,4,,,1,,F01C1 0-1-W-13,3,2,700,,10×7.5×80mm,
722,NG-CT-10,H1,22,1.1,34,1,410×410×600,,20150427,,SINAP,,成都炭素,3H006,2014.1,WG,,,1,,,,,,0%,4,,,1,,F01C1 0-1-W-12,3,2,700,,10×7.5×80mm,
723,NG-CT-10,H1,22,1.11,34,1,410×410×600,,20150424,,SINAP,,成都炭素,3H006,2014.1,WG,,,1,,,,,,0%,4,,,1,,F01C1 0-1-W-11,3,2,700,,10×7.5×80mm,
724,NG-CT-10,H1,22,1.17,34,1,410×410×600,,20150416,,SINAP,,成都炭素,3H006,2014.1,WG,,,1,,,,,,0%,4,,,1,,F01C1 0-1-W-10,3,2,700,,10×7.5×80mm,
725,NG-CT-10,H1,22,1.24,34,1,410×410×600,,20150415,,SINAP,,成都炭素,3H006,2014.1,WG,,,1,,,,,,0%,4,,,1,,F01C1 0-1-W-8,3,2,700,,10×7.5×80mm,
726,NG-CT-10,H1,22,1.2,34,1,410×410×600,,20150414,,SINAP,,成都炭素,3H006,2014.1,WG,,,1,,,,,,0%,4,,,1,,F01C1 0-1-W-1,3,2,700,,10×7.5×80mm,
727,NG-CT-10,H1,22,1.12,34,1,410×410×600,,20150413,,SINAP,,成都炭素,3H006,2014.1,WG,,,1,,,,,,0%,4,,,1,,F01C1 0-1-W-7,3,2,700,,10×7.5×80mm,
728,NG-CT-10,H1,22,1.02,34,1,410×410×600,,20150625,,SINAP,,成都炭素,3H006,2014.1,WG,,,1,,,,,,1.50%,4,,,3,,F01C1 0-0-W-9,4,2,700,,10×7.5×80mm,
729,NG-CT-10,H1,22,1.15,34,1,410×410×600,,20150707,,SINAP,,成都炭素,3H006,2014.1,WG,,,1,,,,,,3.68%,4,,,3,,F01C1 0-0-W-10,4,2,700,,10×7.5×80mm,
730,NG-CT-10,H1,22,0.93,34,1,410×410×600,,20140124,,SINAP,,成都炭素,3H009,2014.1,AG,,,,,,,,,,8,,,1,,Top-1,7,2,25,,200×20×15mm,
731,NG-CT-10,H1,22,0.9,34,1,410×410×600,,20140124,,SINAP,,成都炭素,3H009,2014.1,AG,,,,,,,,,,8,,,1,,Top-2,7,2,25,,200×20×15mm,
732,NG-CT-10,H1,22,0.89,34,1,410×410×600,,20140124,,SINAP,,成都炭素,3H009,2014.1,AG,,,,,,,,,,8,,,1,,Top-3,7,2,25,,200×20×15mm,
733,NG-CT-10,H1,22,0.9,34,1,410×410×600,,20140124,,SINAP,,成都炭素,3H009,2014.1,AG,,,,,,,,,,8,,,1,,Top-4,7,2,25,,200×20×15mm,
734,NG-CT-10,H1,22,0.9,34,1,410×410×600,,20140124,,SINAP,,成都炭素,3H009,2014.1,AG,,,,,,,,,,8,,,1,,Middle-5,8,2,25,,200×20×15mm,
735,NG-CT-10,H1,22,0.91,34,1,410×410×600,,20140124,,SINAP,,成都炭素,3H009,2014.1,AG,,,,,,,,,,8,,,1,,Middle-6,8,2,25,,200×20×15mm,
736,NG-CT-10,H1,22,0.93,34,1,410×410×600,,20140124,,SINAP,,成都炭素,3H009,2014.1,AG,,,,,,,,,,8,,,1,,Middle-7,8,2,25,,200×20×15mm,
737,NG-CT-10,H1,22,0.92,34,1,410×410×600,,20140124,,SINAP,,成都炭素,3H009,2014.1,AG,,,,,,,,,,8,,,1,,Middle-8,8,2,25,,200×20×15mm,
738,NG-CT-10,H1,22,0.97,34,1,410×410×600,,20140124,,SINAP,,成都炭素,3H009,2014.1,AG,,,,,,,,,,8,,,1,,Bottom-9,9,2,25,,200×20×15mm,
739,NG-CT-10,H1,22,0.95,34,1,410×410×600,,20140124,,SINAP,,成都炭素,3H009,2014.1,AG,,,,,,,,,,8,,,1,,Bottom-10,9,2,25,,200×20×15mm,
740,NG-CT-10,H1,22,0.96,34,1,410×410×600,,20140124,,SINAP,,成都炭素,3H009,2014.1,AG,,,,,,,,,,8,,,1,,Bottom-11,9,2,25,,200×20×15mm,
741,NG-CT-10,H1,22,0.97,34,1,410×410×600,,20140124,,SINAP,,成都炭素,3H009,2014.1,AG,,,,,,,,,,8,,,1,,Bottom-12,9,2,25,,200×20×15mm,
742,NG-CT-10,H1,23,25,36,1,410×410×600,,20140208,,SINAP,,成都炭素,3H009,2014.1,,,,,,,,,,,,,,1,,,10,2,25,,D45.8×103mm,
743,NG-CT-10,H1,23,15.09,37,1,410×410×600,,20140208,,SINAP,,成都炭素,3H009,2014.1,,,,,,,,,,,,,,1,,,10,2,25,,D45.8×103mm,
744,NG-CT-10,H1,23,13.58,38,1,410×410×600,,20140208,,SINAP,,成都炭素,3H009,2014.1,,,,,,,,,,,,,,1,,,10,2,25,,D45.8×103mm,
745,NG-CT-10,H1,23,15.82,39,1,410×410×600,,20140208,,SINAP,,成都炭素,3H009,2014.1,,,,,,,,,,,,,,1,,,10,2,25,,D45.8×103mm,
746,NG-CT-10,H1,23,18.43,40,1,410×410×600,,20140208,,SINAP,,成都炭素,3H009,2014.1,,,,,,,,,,,,,,1,,,10,2,25,,D45.8×103mm,
747,NG-CT-10,H1,23,20.53,41,1,410×410×600,,20140208,,SINAP,,成都炭素,3H009,2014.1,,,,,,,,,,,,,,1,,,10,2,25,,D45.8×103mm,
748,NG-CT-10,H1,7,7.21,1,1,410×410×600,,2014.1.27,,Fangda Carbon,,成都炭素,3H009,2014,,,,,,,,,,,,,,1,,3,7,3,,,,
749,NG-CT-10,H1,7,8.16,1,1,410×410×600,,2014.1.27,,Fangda Carbon,,成都炭素,3H009,2014,,,,,,,,,,,,,,1,,4,7,3,,,,
750,NG-CT-10,H1,7,8.19,1,1,410×410×600,,2014.1.27,,Fangda Carbon,,成都炭素,3H009,2014,,,,,,,,,,,,,,1,,9,7,3,,,,
751,NG-CT-10,H1,7,7.87,1,1,410×410×600,,2014.1.27,,Fangda Carbon,,成都炭素,3H009,2014,,,,,,,,,,,,,,1,,10,7,3,,,,
752,NG-CT-10,H1,7,8.55,1,1,410×410×600,,2014.1.27,,Fangda Carbon,,成都炭素,3H009,2014,,,,,,,,,,,,,,1,,1,8,3,,,,
753,NG-CT-10,H1,7,8.46,1,1,410×410×600,,2014.1.27,,Fangda Carbon,,成都炭素,3H009,2014,,,,,,,,,,,,,,1,,2,8,3,,,,
754,NG-CT-10,H1,7,8.74,1,1,410×410×600,,2014.1.27,,Fangda Carbon,,成都炭素,3H009,2014,,,,,,,,,,,,,,1,,7,8,3,,,,
755,NG-CT-10,H1,7,8.45,1,1,410×410×600,,2014.1.27,,Fangda Carbon,,成都炭素,3H009,2014,,,,,,,,,,,,,,1,,8,8,3,,,,
756,NG-CT-10,H1,7,8.27,1,1,410×410×600,,2014.1.27,,Fangda Carbon,,成都炭素,3H009,2014,,,,,,,,,,,,,,1,,5,9,3,,,,
757,NG-CT-10,H1,7,9.46,1,1,410×410×600,,2014.1.27,,Fangda Carbon,,成都炭素,3H009,2014,,,,,,,,,,,,,,1,,6,9,3,,,,
758,NG-CT-10,H1,11,3,4,1,410×410×600,,2014.1.27,,SINAP,,成都炭素,3H009,2014,,,,,,,,,,,,,,1,,6,9,5,,,,
759,NG-CT-10,H1,11,0,4,1,410×410×600,,2014.1.27,,SINAP,,成都炭素,3H009,2014,,,,,,,,,,,,,,1,,6,9,5,,,,
760,NG-CT-10,H1,11,7,4,1,410×410×600,,2014.1.27,,SINAP,,成都炭素,3H009,2014,,,,,,,,,,,,,,1,,6,9,5,,,,
761,NG-CT-10,H1,11,10,4,1,410×410×600,,2014.1.27,,SINAP,,成都炭素,3H009,2014,,,,,,,,,,,,,,1,,6,9,5,,,,
762,NG-CT-10,H1,11,7,4,1,410×410×600,,2014.1.27,,SINAP,,成都炭素,3H009,2014,,,,,,,,,,,,,,1,,6,9,5,,,,
763,NG-CT-10,H1,11,37,4,1,410×410×600,,2014.1.27,,SINAP,,成都炭素,3H009,2014,,,,,,,,,,,,,,1,,6,9,5,,,,
764,NG-CT-10,H1,13,0.105,5,1,410×410×600,,2014.1.27,,SINAP,,成都炭素,3H009,2014,,,,,,,,,,,,,,1,,6,9,5,,,,
765,NG-CT-10,H1,14,0.01,6,1,410×410×600,,2014.1.12,,SINAP,小于,成都炭素,3H009,2014,,,,,,,,,,,,,,1,,S140109036,2,5,,,,
766,NG-CT-10,H1,14,0.01,6,1,410×410×600,,2014.1.12,,SINAP,小于,成都炭素,3H009,2014,,,,,,,,,,,,,,1,,S140109037,4,5,,,,
767,NG-CT-10,H1,14,0.01,6,1,410×410×600,,2014.1.12,,SINAP,小于,成都炭素,3H009,2014,,,,,,,,,,,,,,1,,S140109038,6,5,,,,
768,NG-CT-10,H1,14,0.01,7,1,410×410×600,,2014.1.12,,SINAP,小于,成都炭素,3H009,2014,,,,,,,,,,,,,,1,,S140109036,2,5,,,,
769,NG-CT-10,H1,14,0.01,7,1,410×410×600,,2014.1.12,,SINAP,小于,成都炭素,3H009,2014,,,,,,,,,,,,,,1,,S140109037,4,5,,,,
770,NG-CT-10,H1,14,0.01,7,1,410×410×600,,2014.1.12,,SINAP,小于,成都炭素,3H009,2014,,,,,,,,,,,,,,1,,S140109038,6,5,,,,
771,NG-CT-10,H1,14,,8,1,410×410×600,,2014.1.12,,SINAP,,成都炭素,3H009,2014,,,,,,,,,,,,,,1,,S140109036,2,5,,,,
772,NG-CT-10,H1,14,,8,1,410×410×600,,2014.1.12,,SINAP,,成都炭素,3H009,2014,,,,,,,,,,,,,,1,,S140109037,4,5,,,,
773,NG-CT-10,H1,14,,8,1,410×410×600,,2014.1.12,,SINAP,,成都炭素,3H009,2014,,,,,,,,,,,,,,1,,S140109038,6,5,,,,
774,NG-CT-10,H1,14,0.05,9,1,410×410×600,,2014.1.12,,SINAP,,成都炭素,3H009,2014,,,,,,,,,,,,,,1,,S140109036,2,5,,,,
775,NG-CT-10,H1,14,0.02,9,1,410×410×600,,2014.1.12,,SINAP,,成都炭素,3H009,2014,,,,,,,,,,,,,,1,,S140109037,4,5,,,,
776,NG-CT-10,H1,14,0.01,9,1,410×410×600,,2014.1.12,,SINAP,小于,成都炭素,3H009,2014,,,,,,,,,,,,,,1,,S140109038,6,5,,,,
777,NG-CT-10,H1,14,0.01,10,1,410×410×600,,2014.1.12,,SINAP,小于,成都炭素,3H009,2014,,,,,,,,,,,,,,1,,S140109036,2,5,,,,
778,NG-CT-10,H1,14,0.05,10,1,410×410×600,,2014.1.12,,SINAP,小于,成都炭素,3H009,2014,,,,,,,,,,,,,,1,,S140109037,4,5,,,,
779,NG-CT-10,H1,14,0.05,10,1,410×410×600,,2014.1.12,,SINAP,小于,成都炭素,3H009,2014,,,,,,,,,,,,,,1,,S140109038,6,5,,,,
780,NG-CT-10,H1,14,0.05,11,1,410×410×600,,2014.1.12,,SINAP,小于,成都炭素,3H009,2014,,,,,,,,,,,,,,1,,S140109036,2,5,,,,
781,NG-CT-10,H1,14,0.05,11,1,410×410×600,,2014.1.12,,SINAP,小于,成都炭素,3H009,2014,,,,,,,,,,,,,,1,,S140109037,4,5,,,,
782,NG-CT-10,H1,14,0.05,11,1,410×410×600,,2014.1.12,,SINAP,小于,成都炭素,3H009,2014,,,,,,,,,,,,,,1,,S140109038,6,5,,,,
783,NG-CT-10,H1,14,0.19,12,1,410×410×600,,2014.1.12,,SINAP,,成都炭素,3H009,2014,,,,,,,,,,,,,,1,,S140109036,2,5,,,,
784,NG-CT-10,H1,14,0.22,12,1,410×410×600,,2014.1.12,,SINAP,,成都炭素,3H009,2014,,,,,,,,,,,,,,1,,S140109037,4,5,,,,
785,NG-CT-10,H1,14,0.21,12,1,410×410×600,,2014.1.12,,SINAP,,成都炭素,3H009,2014,,,,,,,,,,,,,,1,,S140109038,6,5,,,,
786,NG-CT-10,H1,14,0.01,13,1,410×410×600,,2014.1.12,,SINAP,小于,成都炭素,3H009,2014,,,,,,,,,,,,,,1,,S140109036,2,5,,,,
787,NG-CT-10,H1,14,0.01,13,1,410×410×600,,2014.1.12,,SINAP,小于,成都炭素,3H009,2014,,,,,,,,,,,,,,1,,S140109037,4,5,,,,
788,NG-CT-10,H1,14,0.01,13,1,410×410×600,,2014.1.12,,SINAP,小于,成都炭素,3H009,2014,,,,,,,,,,,,,,1,,S140109038,6,5,,,,
789,NG-CT-10,H1,14,0.01,14,1,410×410×600,,2014.1.12,,SINAP,小于,成都炭素,3H009,2014,,,,,,,,,,,,,,1,,S140109036,2,5,,,,
790,NG-CT-10,H1,14,0.01,14,1,410×410×600,,2014.1.12,,SINAP,小于,成都炭素,3H009,2014,,,,,,,,,,,,,,1,,S140109037,4,5,,,,
791,NG-CT-10,H1,14,0.01,14,1,410×410×600,,2014.1.12,,SINAP,小于,成都炭素,3H009,2014,,,,,,,,,,,,,,1,,S140109038,6,5,,,,
792,NG-CT-10,H1,14,0.01,15,1,410×410×600,,2014.1.12,,SINAP,小于,成都炭素,3H009,2014,,,,,,,,,,,,,,1,,S140109036,2,5,,,,
793,NG-CT-10,H1,14,0.01,15,1,410×410×600,,2014.1.12,,SINAP,小于,成都炭素,3H009,2014,,,,,,,,,,,,,,1,,S140109037,4,5,,,,
794,NG-CT-10,H1,14,0.01,15,1,410×410×600,,2014.1.12,,SINAP,小于,成都炭素,3H009,2014,,,,,,,,,,,,,,1,,S140109038,6,5,,,,
795,NG-CT-10,H1,14,0.01,16,1,410×410×600,,2014.1.12,,SINAP,小于,成都炭素,3H009,2014,,,,,,,,,,,,,,1,,S140109036,2,5,,,,
796,NG-CT-10,H1,14,0.01,16,1,410×410×600,,2014.1.12,,SINAP,小于,成都炭素,3H009,2014,,,,,,,,,,,,,,1,,S140109037,4,5,,,,
797,NG-CT-10,H1,14,0.01,16,1,410×410×600,,2014.1.12,,SINAP,小于,成都炭素,3H009,2014,,,,,,,,,,,,,,1,,S140109038,6,5,,,,
798,NG-CT-10,H1,14,0.01,17,1,410×410×600,,2014.1.12,,SINAP,小于,成都炭素,3H009,2014,,,,,,,,,,,,,,1,,S140109036,2,5,,,,
799,NG-CT-10,H1,14,0.01,17,1,410×410×600,,2014.1.12,,SINAP,小于,成都炭素,3H009,2014,,,,,,,,,,,,,,1,,S140109037,4,5,,,,
800,NG-CT-10,H1,14,0.01,17,1,410×410×600,,2014.1.12,,SINAP,小于,成都炭素,3H009,2014,,,,,,,,,,,,,,1,,S140109038,6,5,,,,
801,NG-CT-10,H1,14,0.01,18,1,410×410×600,,2014.1.12,,SINAP,小于,成都炭素,3H009,2014,,,,,,,,,,,,,,1,,S140109036,2,5,,,,
802,NG-CT-10,H1,14,0.01,18,1,410×410×600,,2014.1.12,,SINAP,小于,成都炭素,3H009,2014,,,,,,,,,,,,,,1,,S140109037,4,5,,,,
803,NG-CT-10,H1,14,0.01,18,1,410×410×600,,2014.1.12,,SINAP,小于,成都炭素,3H009,2014,,,,,,,,,,,,,,1,,S140109038,6,5,,,,
804,NG-CT-10,H1,14,0.05,19,1,410×410×600,,2014.1.12,,SINAP,小于,成都炭素,3H009,2014,,,,,,,,,,,,,,1,,S140109036,2,5,,,,
805,NG-CT-10,H1,14,0.05,19,1,410×410×600,,2014.1.12,,SINAP,小于,成都炭素,3H009,2014,,,,,,,,,,,,,,1,,S140109037,4,5,,,,
806,NG-CT-10,H1,14,0.05,19,1,410×410×600,,2014.1.12,,SINAP,小于,成都炭素,3H009,2014,,,,,,,,,,,,,,1,,S140109038,6,5,,,,
807,NG-CT-10,H1,14,0.01,20,1,410×410×600,,2014.1.12,,SINAP,小于,成都炭素,3H009,2014,,,,,,,,,,,,,,1,,S140109036,2,5,,,,
808,NG-CT-10,H1,14,0.01,20,1,410×410×600,,2014.1.12,,SINAP,小于,成都炭素,3H009,2014,,,,,,,,,,,,,,1,,S140109037,4,5,,,,
809,NG-CT-10,H1,14,0.01,20,1,410×410×600,,2014.1.12,,SINAP,小于,成都炭素,3H009,2014,,,,,,,,,,,,,,1,,S140109038,6,5,,,,
810,NG-CT-10,H1,14,0.1,21,1,410×410×600,,2014.1.12,,SINAP,小于,成都炭素,3H009,2014,,,,,,,,,,,,,,1,,S140109036,2,5,,,,
811,NG-CT-10,H1,14,0.1,21,1,410×410×600,,2014.1.12,,SINAP,小于,成都炭素,3H009,2014,,,,,,,,,,,,,,1,,S140109037,4,5,,,,
812,NG-CT-10,H1,14,0.1,21,1,410×410×600,,2014.1.12,,SINAP,小于,成都炭素,3H009,2014,,,,,,,,,,,,,,1,,S140109038,6,5,,,,
813,NG-CT-10,H1,14,0.01,22,1,410×410×600,,2014.1.12,,SINAP,小于,成都炭素,3H009,2014,,,,,,,,,,,,,,1,,S140109036,2,5,,,,
814,NG-CT-10,H1,14,0.01,22,1,410×410×600,,2014.1.12,,SINAP,小于,成都炭素,3H009,2014,,,,,,,,,,,,,,1,,S140109037,4,5,,,,
815,NG-CT-10,H1,14,0.01,22,1,410×410×600,,2014.1.12,,SINAP,小于,成都炭素,3H009,2014,,,,,,,,,,,,,,1,,S140109038,6,5,,,,
816,NG-CT-10,H1,14,0.05,23,1,410×410×600,,2014.1.12,,SINAP,小于,成都炭素,3H009,2014,,,,,,,,,,,,,,1,,S140109036,2,5,,,,
817,NG-CT-10,H1,14,0.05,23,1,410×410×600,,2014.1.12,,SINAP,小于,成都炭素,3H009,2014,,,,,,,,,,,,,,1,,S140109037,4,5,,,,
818,NG-CT-10,H1,14,0.05,23,1,410×410×600,,2014.1.12,,SINAP,小于,成都炭素,3H009,2014,,,,,,,,,,,,,,1,,S140109038,6,5,,,,
